{
	"IcoMoonType": "selection",
	"icons": [
		{
			"icon": {
				"paths": [
					"M0 204.672v32h96.096l415.36 493.824 416.448-493.824h96.096l-1.024-32h-288.224l-223.264 246.88-223.264-246.88z"
				],
				"attrs": [
					{
						"fill": "rgb(105, 105, 105)"
					}
				],
				"isMulticolor": false,
				"grid": 0,
				"tags": [
					"select"
				],
				"colorPermutations": {
					"10510510512042042041": [
						0
					]
				}
			},
			"attrs": [
				{
					"fill": "rgb(105, 105, 105)"
				}
			],
			"properties": {
				"order": 39,
				"id": 4,
				"prevSize": 32,
				"code": 59665,
				"name": "select"
			},
			"setIdx": 1,
			"setId": 3,
			"iconIdx": 4
		},
		{
			"icon": {
				"paths": [
					"M500.538 511.364l67.972 310.95v200.414l-7.945-0.579v-49.477l-105.062-461.308 105.062-461.316v-49.463l7.952-0.586v200.414l-67.972 310.95z"
				],
				"attrs": [
					{
						"fill": "rgb(185, 82, 159)"
					}
				],
				"isMulticolor": false,
				"grid": 0,
				"tags": [
					"column-arrow-left"
				],
				"colorPermutations": {
					"18582159120420420417174861": [
						1
					]
				}
			},
			"attrs": [
				{
					"fill": "rgb(185, 82, 159)"
				}
			],
			"properties": {
				"order": 37,
				"id": 10,
				"prevSize": 32,
				"code": 59660,
				"name": "column-arrow-left"
			},
			"setIdx": 3,
			"setId": 1,
			"iconIdx": 1
		},
		{
			"icon": {
				"paths": [
					"M68.057 512l-68.057-311.336v-200.664l7.962 0.587v49.524l105.193 461.889-105.193 461.882v49.538l-7.955 0.58v-200.664l68.057-311.336z"
				],
				"attrs": [
					{
						"fill": "rgb(185, 82, 159)"
					}
				],
				"isMulticolor": false,
				"grid": 0,
				"tags": [
					"column-arrow-right"
				],
				"colorPermutations": {
					"18582159120420420417174861": [
						1
					]
				}
			},
			"attrs": [
				{
					"fill": "rgb(185, 82, 159)"
				}
			],
			"properties": {
				"order": 36,
				"id": 9,
				"prevSize": 32,
				"code": 59661,
				"name": "column-arrow-right"
			},
			"setIdx": 3,
			"setId": 1,
			"iconIdx": 2
		},
		{
			"icon": {
				"paths": [
					"M512.676 517.938l354.418 386.311 34.596-87.289c-83.236-83.058-187.236-217.742-268.729-299.022l268.729-307.342-34.596-87.324-354.418 394.667z",
					"M147.2 202.276h299.022v87.822h-299.022v-87.822z",
					"M147.2 465.742h175.040v87.822h-175.040v-87.822z",
					"M147.2 729.173h299.022v87.822h-299.022v-87.822z"
				],
				"attrs": [
					{
						"fill": "rgb(204, 204, 204)"
					},
					{
						"fill": "rgb(204, 204, 204)"
					},
					{
						"fill": "rgb(204, 204, 204)"
					},
					{
						"fill": "rgb(204, 204, 204)"
					}
				],
				"isMulticolor": false,
				"grid": 0,
				"tags": [
					"options-back"
				],
				"colorPermutations": {
					"18582159120420420417174861": [
						2,
						2,
						2,
						2
					]
				}
			},
			"attrs": [
				{
					"fill": "rgb(204, 204, 204)"
				},
				{
					"fill": "rgb(204, 204, 204)"
				},
				{
					"fill": "rgb(204, 204, 204)"
				},
				{
					"fill": "rgb(204, 204, 204)"
				}
			],
			"properties": {
				"order": 35,
				"id": 8,
				"prevSize": 32,
				"code": 59662,
				"name": "options-back"
			},
			"setIdx": 3,
			"setId": 1,
			"iconIdx": 3
		},
		{
			"icon": {
				"paths": [
					"M54.463 194.679h910.614v110.147h-910.614v-110.147z",
					"M54.463 525.127h910.614v110.147h-910.614v-110.147z",
					"M54.463 855.524h910.614v110.147h-910.614v-110.147z"
				],
				"attrs": [
					{
						"fill": "rgb(204, 204, 204)"
					},
					{
						"fill": "rgb(204, 204, 204)"
					},
					{
						"fill": "rgb(204, 204, 204)"
					}
				],
				"isMulticolor": false,
				"grid": 0,
				"tags": [
					"options"
				],
				"colorPermutations": {
					"18582159120420420417174861": [
						2,
						2,
						2
					]
				}
			},
			"attrs": [
				{
					"fill": "rgb(204, 204, 204)"
				},
				{
					"fill": "rgb(204, 204, 204)"
				},
				{
					"fill": "rgb(204, 204, 204)"
				}
			],
			"properties": {
				"order": 34,
				"id": 7,
				"prevSize": 32,
				"code": 59663,
				"name": "options-large"
			},
			"setIdx": 3,
			"setId": 1,
			"iconIdx": 4
		},
		{
			"icon": {
				"paths": [
					"M896 0h-768c-70.4 0-128 57.6-128 128v768c0 70.4 57.6 128 128 128h768c70.4 0 128-57.6 128-128v-768c0-70.4-57.6-128-128-128zM908.96 441.984v0.064l-215.68 161.824 78.368 256.288c3.072 9.792-0.544 20.672-8.928 26.784-4.256 3.168-9.28 4.704-14.4 4.704-4.768 0-9.664-1.44-13.792-4.384l-222.528-153.12-222.464 153.12c-8.48 5.952-19.84 5.76-28.256-0.384-8.352-6.080-11.968-16.896-8.928-26.816l78.368-256.224-215.648-161.888c-8.256-6.208-11.744-17.024-8.608-26.912 3.2-9.984 12.32-16.736 22.752-16.992l270.816-5.472 88.832-253.088c3.456-9.728 12.672-16.288 23.008-16.288s19.648 6.56 23.104 16.288l88.8 253.088 270.816 5.472c10.464 0.224 19.584 7.008 22.816 16.992 3.264 9.952-0.16 20.736-8.448 26.944z"
				],
				"attrs": [
					{
						"fill": "rgb(204, 204, 204)"
					}
				],
				"isMulticolor": false,
				"grid": 0,
				"tags": [
					"star-square"
				],
				"colorPermutations": {
					"18582159120420420417174861": [
						2
					]
				}
			},
			"attrs": [
				{
					"fill": "rgb(204, 204, 204)"
				}
			],
			"properties": {
				"order": 33,
				"id": 4,
				"prevSize": 32,
				"code": 59664,
				"name": "star-square"
			},
			"setIdx": 3,
			"setId": 1,
			"iconIdx": 7
		},
		{
			"icon": {
				"paths": [
					"M984.476 402.896c-3.69-11.512-14.254-19.334-26.276-19.602l-312.744-6.296-102.612-292.272c-3.962-11.274-14.692-18.822-26.646-18.822-11.948 0-22.578 7.548-26.574 18.822l-102.614 292.27-312.748 6.296c-12.088 0.27-22.618 8.090-26.306 19.602-3.656 11.408 0.338 23.9 9.92 31.112l249.036 186.874-90.496 295.96c-3.488 11.446 0.644 23.87 10.326 30.942 9.682 7.076 22.818 7.282 32.602 0.476l256.892-176.892 256.956 176.892c4.806 3.354 10.394 5.010 15.948 5.010 5.89 0 11.708-1.86 16.648-5.486 9.688-7.072 13.852-19.566 10.33-30.942l-90.528-295.96 249.066-186.874c9.586-7.212 13.546-19.702 9.82-31.11zM883.734 457.006l-199.668 149.808 72.572 237.26c2.824 9.12-0.514 19.134-8.282 24.804-3.96 2.908-8.624 4.398-13.346 4.398-4.452 0-8.932-1.328-12.786-4.016l-205.99-141.808-205.94 141.808c-7.844 5.456-18.376 5.292-26.136-0.382-7.762-5.67-11.074-15.628-8.278-24.804l72.546-237.26-199.642-149.808c-7.68-5.782-10.884-15.796-7.954-24.942 2.958-9.228 11.4-15.498 21.090-15.714l250.716-5.048 82.266-234.302c3.204-9.038 11.726-15.088 21.302-15.088 9.584 0 18.186 6.050 21.362 15.088l82.262 234.3 250.714 5.048c9.636 0.216 18.106 6.486 21.062 15.714 2.988 9.148-0.186 19.162-7.87 24.944z"
				],
				"attrs": [
					{
						"fill": "rgb(71, 74, 86)"
					}
				],
				"isMulticolor": false,
				"grid": 0,
				"tags": [
					"star-outline"
				]
			},
			"attrs": [
				{
					"fill": "rgb(71, 74, 86)"
				}
			],
			"properties": {
				"order": 3,
				"id": 2,
				"prevSize": 32,
				"code": 59650,
				"name": "star-outline"
			},
			"setIdx": 3,
			"setId": 1,
			"iconIdx": 9
		},
		{
			"icon": {
				"paths": [
					"M974.656 434.008l-249.066 186.872 90.528 295.96c3.522 11.376-0.642 23.87-10.33 30.942-4.942 3.626-10.758 5.486-16.648 5.486-5.552 0-11.14-1.656-15.948-5.010l-256.956-176.892-256.892 176.894c-9.784 6.804-22.92 6.6-32.602-0.476-9.682-7.072-13.814-19.496-10.326-30.942l90.496-295.96-249.036-186.874c-9.582-7.212-13.576-19.704-9.92-31.112 3.69-11.512 14.218-19.334 26.306-19.602l312.748-6.296 102.614-292.27c3.996-11.274 14.626-18.822 26.574-18.822 11.956 0 22.684 7.548 26.646 18.822l102.614 292.27 312.744 6.296c12.022 0.27 22.586 8.090 26.276 19.602 3.724 11.408-0.236 23.898-9.822 31.112z"
				],
				"attrs": [
					{
						"fill": "rgb(71, 74, 86)"
					}
				],
				"isMulticolor": false,
				"grid": 0,
				"tags": [
					"star"
				]
			},
			"attrs": [
				{
					"fill": "rgb(71, 74, 86)"
				}
			],
			"properties": {
				"order": 2,
				"id": 1,
				"prevSize": 32,
				"code": 59649,
				"name": "star"
			},
			"setIdx": 3,
			"setId": 1,
			"iconIdx": 10
		},
		{
			"icon": {
				"paths": [
					"M516.2 76.132c-246.278 0-445.846 199.714-445.846 445.956 0 246.314 199.57 445.81 445.846 445.81 246.206 0 445.938-199.496 445.938-445.81 0.016-246.242-199.734-445.956-445.938-445.956zM863.376 432.338l-188.608 141.51 68.552 224.118c2.666 8.614-0.486 18.074-7.822 23.43-3.742 2.746-8.146 4.154-12.608 4.154-4.206 0-8.436-1.254-12.076-3.792l-194.58-133.954-194.532 133.954c-7.41 5.152-17.356 4.998-24.688-0.362-7.332-5.356-10.46-14.764-7.82-23.43l68.528-224.118-188.584-141.51c-7.254-5.462-10.28-14.92-7.512-23.56 2.794-8.718 10.768-14.64 19.92-14.844l236.83-4.768 77.704-221.322c3.026-8.538 11.076-14.252 20.124-14.252 9.052 0 17.178 5.716 20.178 14.252l77.706 221.322 236.826 4.768c9.104 0.204 17.104 6.126 19.896 14.844 2.822 8.64-0.176 18.098-7.434 23.56z"
				],
				"attrs": [
					{
						"fill": "rgb(71, 74, 86)"
					}
				],
				"isMulticolor": false,
				"grid": 0,
				"tags": [
					"star-circle"
				]
			},
			"attrs": [
				{
					"fill": "rgb(71, 74, 86)"
				}
			],
			"properties": {
				"order": 1,
				"id": 0,
				"prevSize": 32,
				"code": 59648,
				"name": "star-circle"
			},
			"setIdx": 3,
			"setId": 1,
			"iconIdx": 11
		},
		{
			"icon": {
				"paths": [
					"M1018.17 291.89l-286.058-286.058c-9.334-9.334-21.644-7.234-27.356 4.666l-38.354 79.904 267.198 267.198 79.904-38.354c11.9-5.712 14-18.022 4.666-27.356z",
					"M615.384 135.384l-263.384 21.95c-17.5 2.166-32.080 5.898-37.090 28.752-0.006 0.024-0.012 0.042-0.018 0.066-71.422 343.070-314.892 677.848-314.892 677.848l57.374 57.374 271.986-271.99c-5.996-12.53-9.36-26.564-9.36-41.384 0-53.020 42.98-96 96-96s96 42.98 96 96-42.98 96-96 96c-14.82 0-28.852-3.364-41.384-9.36l-271.988 271.986 57.372 57.374c0 0 334.778-243.47 677.848-314.892 0.024-0.006 0.042-0.012 0.066-0.018 22.854-5.010 26.586-19.59 28.752-37.090l21.95-263.384-273.232-273.232z"
				],
				"attrs": [],
				"isMulticolor": false,
				"tags": [
					"pen",
					"write",
					"edit"
				],
				"grid": 16
			},
			"attrs": [],
			"properties": {
				"order": 40,
				"prevSize": 16,
				"ligatures": "pen, write3",
				"name": "pen",
				"id": 9,
				"code": 59666
			},
			"setIdx": 4,
			"setId": 0,
			"iconIdx": 8
		},
		{
			"icon": {
				"paths": [
					"M640 576c105.87 0 201.87 43.066 271.402 112.598l-90.468 90.468c-46.354-46.356-110.356-75.066-180.934-75.066s-134.578 28.71-180.934 75.066l-90.468-90.468c69.532-69.532 165.532-112.598 271.402-112.598zM187.452 507.452c120.88-120.88 281.598-187.452 452.548-187.452s331.668 66.572 452.55 187.452l-90.51 90.508c-96.706-96.704-225.28-149.96-362.040-149.96-136.762 0-265.334 53.256-362.038 149.962l-90.51-90.51zM988.784 134.438c106.702 45.132 202.516 109.728 284.782 191.996v0l-90.508 90.508c-145.056-145.056-337.92-224.942-543.058-224.942-205.14 0-398 79.886-543.058 224.942l-90.51-90.51c82.268-82.266 178.082-146.862 284.784-191.994 110.504-46.738 227.852-70.438 348.784-70.438s238.278 23.7 348.784 70.438zM576 896c0-35.346 28.654-64 64-64s64 28.654 64 64c0 35.346-28.654 64-64 64s-64-28.654-64-64z"
				],
				"width": 1280,
				"attrs": [],
				"isMulticolor": false,
				"tags": [
					"connection",
					"wifi",
					"wave"
				],
				"grid": 16
			},
			"attrs": [],
			"properties": {
				"order": 19,
				"prevSize": 16,
				"ligatures": "connection, wifi",
				"name": "connection",
				"id": 28,
				"code": 59659
			},
			"setIdx": 4,
			"setId": 0,
			"iconIdx": 27
		},
		{
			"icon": {
				"paths": [
					"M544 0l-96 96 96 96-224 256h-224l176 176-272 360.616v39.384h39.384l360.616-272 176 176v-224l256-224 96 96 96-96-480-480zM448 544l-64-64 224-224 64 64-224 224z"
				],
				"attrs": [],
				"isMulticolor": false,
				"tags": [
					"pushpin",
					"pin"
				],
				"grid": 16
			},
			"attrs": [],
			"properties": {
				"order": 43,
				"prevSize": 16,
				"ligatures": "pushpin, pin",
				"name": "pushpin",
				"id": 71,
				"code": 59667
			},
			"setIdx": 4,
			"setId": 0,
			"iconIdx": 70
		},
		{
			"icon": {
				"paths": [
					"M768 64c105.87 0 192 86.13 192 192v192h-128v-192c0-35.29-28.71-64-64-64h-128c-35.29 0-64 28.71-64 64v192h16c26.4 0 48 21.6 48 48v480c0 26.4-21.6 48-48 48h-544c-26.4 0-48-21.6-48-48v-480c0-26.4 21.6-48 48-48h400v-192c0-105.87 86.13-192 192-192h128z"
				],
				"attrs": [],
				"isMulticolor": false,
				"tags": [
					"unlocked",
					"lock-open"
				],
				"grid": 16
			},
			"attrs": [],
			"properties": {
				"order": 5,
				"prevSize": 16,
				"ligatures": "unlocked, lock-open",
				"name": "unlocked",
				"id": 145,
				"code": 59651
			},
			"setIdx": 4,
			"setId": 0,
			"iconIdx": 144
		},
		{
			"icon": {
				"paths": [
					"M440.236 635.766c-13.31 0-26.616-5.076-36.77-15.23-95.134-95.136-95.134-249.934 0-345.070l192-192c46.088-46.086 107.36-71.466 172.534-71.466s126.448 25.38 172.536 71.464c95.132 95.136 95.132 249.934 0 345.070l-87.766 87.766c-20.308 20.308-53.23 20.308-73.54 0-20.306-20.306-20.306-53.232 0-73.54l87.766-87.766c54.584-54.586 54.584-143.404 0-197.99-26.442-26.442-61.6-41.004-98.996-41.004s-72.552 14.562-98.996 41.006l-192 191.998c-54.586 54.586-54.586 143.406 0 197.992 20.308 20.306 20.306 53.232 0 73.54-10.15 10.152-23.462 15.23-36.768 15.23z",
					"M256 1012c-65.176 0-126.45-25.38-172.534-71.464-95.134-95.136-95.134-249.934 0-345.070l87.764-87.764c20.308-20.306 53.234-20.306 73.54 0 20.308 20.306 20.308 53.232 0 73.54l-87.764 87.764c-54.586 54.586-54.586 143.406 0 197.992 26.44 26.44 61.598 41.002 98.994 41.002s72.552-14.562 98.998-41.006l192-191.998c54.584-54.586 54.584-143.406 0-197.992-20.308-20.308-20.306-53.232 0-73.54 20.306-20.306 53.232-20.306 73.54 0.002 95.132 95.134 95.132 249.932 0.002 345.068l-192.002 192c-46.090 46.088-107.364 71.466-172.538 71.466z"
				],
				"attrs": [],
				"isMulticolor": false,
				"tags": [
					"link",
					"chain",
					"url",
					"uri",
					"anchor"
				],
				"grid": 16
			},
			"attrs": [],
			"properties": {
				"order": 42,
				"prevSize": 16,
				"ligatures": "link, chain",
				"name": "link",
				"id": 204,
				"code": 59668
			},
			"setIdx": 4,
			"setId": 0,
			"iconIdx": 203
		},
		{
			"icon": {
				"paths": [
					"M512 1024c282.77 0 512-229.23 512-512s-229.23-512-512-512-512 229.23-512 512 229.23 512 512 512zM512 96c229.75 0 416 186.25 416 416s-186.25 416-416 416-416-186.25-416-416 186.25-416 416-416zM512 598.76c115.95 0 226.23-30.806 320-84.92-14.574 178.438-153.128 318.16-320 318.16-166.868 0-305.422-139.872-320-318.304 93.77 54.112 204.050 85.064 320 85.064zM256 352c0-53.019 28.654-96 64-96s64 42.981 64 96c0 53.019-28.654 96-64 96s-64-42.981-64-96zM640 352c0-53.019 28.654-96 64-96s64 42.981 64 96c0 53.019-28.654 96-64 96s-64-42.981-64-96z"
				],
				"attrs": [],
				"isMulticolor": false,
				"tags": [
					"happy",
					"emoticon",
					"smiley",
					"face"
				],
				"grid": 16
			},
			"attrs": [],
			"properties": {
				"order": 16,
				"prevSize": 16,
				"ligatures": "happy, emoticon",
				"name": "happy",
				"id": 224,
				"code": 59652
			},
			"setIdx": 4,
			"setId": 0,
			"iconIdx": 223
		},
		{
			"icon": {
				"paths": [
					"M512 0c-282.77 0-512 229.23-512 512s229.23 512 512 512 512-229.23 512-512-229.23-512-512-512zM704 256c35.346 0 64 28.654 64 64s-28.654 64-64 64-64-28.654-64-64 28.654-64 64-64zM320 256c35.346 0 64 28.654 64 64s-28.654 64-64 64-64-28.654-64-64 28.654-64 64-64zM543.8 679.376c-1.25-1.124-2.48-2.29-3.684-3.492-18.74-18.74-28.112-43.3-28.118-67.864-0.004 24.562-9.376 49.124-28.118 67.864-1.204 1.204-2.434 2.368-3.684 3.492-86.524 78.512-288.196-1.842-288.196-103.376 62 40 110.45 9.786 156.118-35.882 37.49-37.49 98.276-37.49 135.766 0 18.74 18.74 28.112 43.3 28.118 67.864 0.004-24.562 9.376-49.124 28.118-67.864 37.49-37.49 98.276-37.49 135.766 0 45.664 45.668 94.114 75.882 156.114 35.882 0 101.534-201.672 181.888-288.2 103.376z"
				],
				"attrs": [],
				"isMulticolor": false,
				"tags": [
					"hipster",
					"emoticon",
					"smiley",
					"mustache",
					"face"
				],
				"grid": 16
			},
			"attrs": [],
			"properties": {
				"order": 41,
				"prevSize": 16,
				"ligatures": "hipster2, emoticon28",
				"name": "hipster2",
				"id": 251,
				"code": 59669
			},
			"setIdx": 4,
			"setId": 0,
			"iconIdx": 250
		},
		{
			"icon": {
				"paths": [
					"M992 384h-352v-352c0-17.672-14.328-32-32-32h-192c-17.672 0-32 14.328-32 32v352h-352c-17.672 0-32 14.328-32 32v192c0 17.672 14.328 32 32 32h352v352c0 17.672 14.328 32 32 32h192c17.672 0 32-14.328 32-32v-352h352c17.672 0 32-14.328 32-32v-192c0-17.672-14.328-32-32-32z"
				],
				"attrs": [],
				"isMulticolor": false,
				"tags": [
					"plus",
					"add",
					"sum"
				],
				"grid": 16
			},
			"attrs": [],
			"properties": {
				"order": 15,
				"prevSize": 16,
				"ligatures": "plus, add",
				"name": "plus",
				"id": 267,
				"code": 59653
			},
			"setIdx": 4,
			"setId": 0,
			"iconIdx": 266
		},
		{
			"icon": {
				"paths": [
					"M1014.662 822.66c-0.004-0.004-0.008-0.008-0.012-0.010l-310.644-310.65 310.644-310.65c0.004-0.004 0.008-0.006 0.012-0.010 3.344-3.346 5.762-7.254 7.312-11.416 4.246-11.376 1.824-24.682-7.324-33.83l-146.746-146.746c-9.148-9.146-22.45-11.566-33.828-7.32-4.16 1.55-8.070 3.968-11.418 7.31 0 0.004-0.004 0.006-0.008 0.010l-310.648 310.652-310.648-310.65c-0.004-0.004-0.006-0.006-0.010-0.010-3.346-3.342-7.254-5.76-11.414-7.31-11.38-4.248-24.682-1.826-33.83 7.32l-146.748 146.748c-9.148 9.148-11.568 22.452-7.322 33.828 1.552 4.16 3.97 8.072 7.312 11.416 0.004 0.002 0.006 0.006 0.010 0.010l310.65 310.648-310.65 310.652c-0.002 0.004-0.006 0.006-0.008 0.010-3.342 3.346-5.76 7.254-7.314 11.414-4.248 11.376-1.826 24.682 7.322 33.83l146.748 146.746c9.15 9.148 22.452 11.568 33.83 7.322 4.16-1.552 8.070-3.97 11.416-7.312 0.002-0.004 0.006-0.006 0.010-0.010l310.648-310.65 310.648 310.65c0.004 0.002 0.008 0.006 0.012 0.008 3.348 3.344 7.254 5.762 11.414 7.314 11.378 4.246 24.684 1.826 33.828-7.322l146.746-146.748c9.148-9.148 11.57-22.454 7.324-33.83-1.552-4.16-3.97-8.068-7.314-11.414z"
				],
				"attrs": [],
				"isMulticolor": false,
				"tags": [
					"cross",
					"cancel",
					"close",
					"quit",
					"remove"
				],
				"grid": 16
			},
			"attrs": [],
			"properties": {
				"order": 18,
				"prevSize": 16,
				"ligatures": "cross, cancel",
				"name": "cross",
				"id": 272,
				"code": 59654
			},
			"setIdx": 4,
			"setId": 0,
			"iconIdx": 271
		},
		{
			"icon": {
				"paths": [
					"M896 0h-768c-70.4 0-128 57.6-128 128v768c0 70.4 57.6 128 128 128h768c70.4 0 128-57.6 128-128v-768c0-70.4-57.6-128-128-128zM448 794.51l-237.254-237.256 90.51-90.508 146.744 146.744 306.746-306.746 90.508 90.51-397.254 397.256z"
				],
				"attrs": [],
				"isMulticolor": false,
				"tags": [
					"checkbox-checked",
					"checkbox",
					"tick",
					"checked",
					"selected"
				],
				"grid": 16
			},
			"attrs": [],
			"properties": {
				"order": 12,
				"prevSize": 16,
				"ligatures": "checkbox-checked, checkbox",
				"name": "checkbox-checked",
				"id": 339,
				"code": 59655
			},
			"setIdx": 4,
			"setId": 0,
			"iconIdx": 338
		},
		{
			"icon": {
				"paths": [
					"M522.2 438.8v175.6h290.4c-11.8 75.4-87.8 220.8-290.4 220.8-174.8 0-317.4-144.8-317.4-323.2s142.6-323.2 317.4-323.2c99.4 0 166 42.4 204 79l139-133.8c-89.2-83.6-204.8-134-343-134-283 0-512 229-512 512s229 512 512 512c295.4 0 491.6-207.8 491.6-500.2 0-33.6-3.6-59.2-8-84.8l-483.6-0.2z"
				],
				"attrs": [],
				"isMulticolor": false,
				"tags": [
					"google",
					"brand"
				],
				"grid": 16
			},
			"attrs": [],
			"properties": {
				"order": 7,
				"prevSize": 16,
				"name": "google",
				"ligatures": "google, brand2",
				"id": 393,
				"code": 59656
			},
			"setIdx": 4,
			"setId": 0,
			"iconIdx": 392
		},
		{
			"icon": {
				"paths": [
					"M608 192h160v-192h-160c-123.514 0-224 100.486-224 224v96h-128v192h128v512h192v-512h160l32-192h-192v-96c0-17.346 14.654-32 32-32z"
				],
				"attrs": [],
				"isMulticolor": false,
				"tags": [
					"facebook",
					"brand",
					"social"
				],
				"grid": 16
			},
			"attrs": [],
			"properties": {
				"order": 6,
				"prevSize": 16,
				"ligatures": "facebook, brand10",
				"name": "facebook",
				"id": 401,
				"code": 59657
			},
			"setIdx": 4,
			"setId": 0,
			"iconIdx": 400
		},
		{
			"icon": {
				"paths": [
					"M512.008 12.642c-282.738 0-512.008 229.218-512.008 511.998 0 226.214 146.704 418.132 350.136 485.836 25.586 4.738 34.992-11.11 34.992-24.632 0-12.204-0.48-52.542-0.696-95.324-142.448 30.976-172.504-60.41-172.504-60.41-23.282-59.176-56.848-74.916-56.848-74.916-46.452-31.778 3.51-31.124 3.51-31.124 51.4 3.61 78.476 52.766 78.476 52.766 45.672 78.27 119.776 55.64 149.004 42.558 4.588-33.086 17.852-55.68 32.506-68.464-113.73-12.942-233.276-56.85-233.276-253.032 0-55.898 20.004-101.574 52.76-137.428-5.316-12.9-22.854-64.972 4.952-135.5 0 0 43.006-13.752 140.84 52.49 40.836-11.348 84.636-17.036 128.154-17.234 43.502 0.198 87.336 5.886 128.256 17.234 97.734-66.244 140.656-52.49 140.656-52.49 27.872 70.528 10.35 122.6 5.036 135.5 32.82 35.856 52.694 81.532 52.694 137.428 0 196.654-119.778 239.95-233.79 252.624 18.364 15.89 34.724 47.046 34.724 94.812 0 68.508-0.596 123.644-0.596 140.508 0 13.628 9.222 29.594 35.172 24.566 203.322-67.776 349.842-259.626 349.842-485.768 0-282.78-229.234-511.998-511.992-511.998z"
				],
				"attrs": [],
				"isMulticolor": false,
				"tags": [
					"github",
					"brand",
					"octacat",
					"social"
				],
				"grid": 16
			},
			"attrs": [],
			"properties": {
				"order": 8,
				"prevSize": 16,
				"ligatures": "github, brand40",
				"name": "github",
				"id": 433,
				"code": 59658
			},
			"setIdx": 4,
			"setId": 0,
			"iconIdx": 432
		}
	],
	"height": 1024,
	"metadata": {
		"name": "icomoon"
	},
	"preferences": {
		"showGlyphs": true,
		"showQuickUse": true,
		"showQuickUse2": true,
		"showSVGs": true,
		"fontPref": {
			"prefix": "icon-",
			"metadata": {
				"fontFamily": "icomoon"
			},
			"metrics": {
				"emSize": 1024,
				"baseline": 6.25,
				"whitespace": 50
			},
			"embed": false
		},
		"imagePref": {
			"prefix": "icon-",
			"png": true,
			"useClassSelector": true,
			"color": 0,
			"bgColor": 16777215,
			"classSelector": ".icon"
		},
		"historySize": 100,
		"showCodes": true,
		"gridSize": 16,
		"showLiga": false
	}
}